[{"suitName":"Testing AppComponent","failTest":["TAC 1 - Checking presence of routerOutletTag","TAC 2 - Cheking for proper positioning of routerOutlet"],"totalNoOfTestCases":2,"noOfTestCasesPassed":0,"noOfTestCasesFailed":2},{"suitName":"AppRoutingModule","failTest":["TRM 1 - Check whether the Catchall is provided","TRM 2 - Check if routes are present"],"totalNoOfTestCases":2,"noOfTestCasesPassed":0,"noOfTestCasesFailed":2},{"suitName":"BookFlightService Service","failTest":[],"totalNoOfTestCases":2,"noOfTestCasesPassed":2,"noOfTestCasesFailed":0},{"suitName":"Testing fetching data through UpdateBookingService","failTest":["TBS 4 - BookFlightService bookFlight() should return observable","TBS 5 - bookFlight() should be called using POST method"],"totalNoOfTestCases":3,"noOfTestCasesPassed":1,"noOfTestCasesFailed":2},{"suitName":"Testing_Book_Flight_Component","failTest":["BookFlightComponent: Missing/Incorrect ids","BookFlightComponent : Missing FormControl Property","BookFlightComponent : book method implemented according to given requirement","BookFlightComponent: Success Message being populated","BookFlightComponent: Error Message being populated","BookFlightComponent: passengerNameError Message being populated","BookFlightComponent: noOfTicketsError Message being populated","BookFlightComponent: customerIdError Message being populated"],"totalNoOfTestCases":10,"noOfTestCasesPassed":2,"noOfTestCasesFailed":8},{"suitName":"BookingsComponent : Testing delete Method","failTest":["TBC 2 - Bookings : Should invoke delete() method of viewDetailsService","TBC 3 - Bookings : Should populate success message into successMessage property","TBC 4 - Bookings : Should populate error message into errorMessage property"],"totalNoOfTestCases":6,"noOfTestCasesPassed":3,"noOfTestCasesFailed":3},{"suitName":"Testing Customer Id Pipe","failTest":["TCCP 2 - Valid return for null Value","TCCP 3 - Valid return for valid customerId","TCCP 4 - Valid return for no matching customerId"],"totalNoOfTestCases":4,"noOfTestCasesPassed":1,"noOfTestCasesFailed":3},{"suitName":"Testing Flight Id Pipe","failTest":["TCFP 2 - Valid return for null Value","TCFP 3 - Valid return for valid flightId","TCFP 4 - Valid return for no matching flightId"],"totalNoOfTestCases":4,"noOfTestCasesPassed":1,"noOfTestCasesFailed":3},{"suitName":"UpdateBooking Service","failTest":["TUS 4 - UpdateBookingService updateBooking() should return observable","TUS 5 - updateBooking() should be called using PUT method"],"totalNoOfTestCases":4,"noOfTestCasesPassed":2,"noOfTestCasesFailed":2},{"suitName":"Update Booking Component","failTest":["TUC 2 - Bookings : Should invoke delete() method of viewDetailsService","TUC 3 - Bookings : Should populate success message into successMessage property","TUC 4 - Bookings : Should populate error message into errorMessage property","TUC 5 - Bookings : errorMessage property should be null in success case","TUC 6 - Bookings : successMessage property should be null in error case"],"totalNoOfTestCases":6,"noOfTestCasesPassed":1,"noOfTestCasesFailed":5},{"suitName":"ViewFlightsComponent : Testing delete Method","failTest":["TVFC 2 - ViewFlights : Should invoke getAllFlights() method of viewDetailsService","TVFC 4 - ViewFlights : Should populate error message into errorMessage property"],"totalNoOfTestCases":7,"noOfTestCasesPassed":5,"noOfTestCasesFailed":2},{"suitName":"Testing_View_Details_Component","failTest":["ViewDetailsComponent : Filter using customer Id Property"],"totalNoOfTestCases":2,"noOfTestCasesPassed":1,"noOfTestCasesFailed":1}]